ID,Location,Code,Lat,Lon,Type,Year,Structure,Habitat
1,Birdwood,4285,41.11663,-100.8333,PVC structures,2015,FISH ATTRACTOR,STRUCTURE
2,Birdwood,4285,41.11737,-100.8388,PVC structures,2015,FISH ATTRACTOR,STRUCTURE
3,Birdwood,4285,41.1173,-100.8373,PVC structures,2015,FISH ATTRACTOR,STRUCTURE
5,Birdwood,4285,41.11633,-100.8308,PVC structures,2015,FISH ATTRACTOR,STRUCTURE
6,Birdwood,4285,41.11586,-100.8307,Brush Piles,2016,BRUSH PILE,WOOD
8,Birdwood,4285,41.11636,-100.837,Brush Piles,2016,BRUSH PILE,WOOD
9,Birdwood,4286,41.11611,-100.8355,Artifical Structures,2016,FISH ATTRACTOR,STRUCTURE
10,Birdwood,4287,41.11747,-100.8387,Artifical Structures,2016,FISH ATTRACTOR,STRUCTURE
11,Birdwood,4288,41.11713,-100.8363,Trees,2017,TREE,STRUCTURE
12,Birdwood,4289,41.1174,-100.8379,Trees,2017,TREE,STRUCTURE
13,Birdwood,4290,41.11628,-100.836,Trees,2017,TREE,STRUCTURE
14,Conestoga,5115,40.769256,-96.85400804,CEDAR,2018,CEDAR,WOOD
15,Conestoga,5115,40.76924703,-96.85400904,CEDAR,2018,CEDAR,WOOD
16,Conestoga,5115,40.76877002,-96.85357201,CEDAR,2018,CEDAR,WOOD
17,Conestoga,5115,40.76882601,-96.85395297,CEDAR,2018,CEDAR,WOOD
18,Conestoga,5115,40.76885903,-96.85400502,CEDAR,2018,CEDAR,WOOD
19,Conestoga,5115,40.76582998,-96.85496902,CEDAR,2018,CEDAR,WOOD
20,Conestoga,5115,40.76570299,-96.85479501,CEDAR,2018,CEDAR,WOOD
21,Conestoga,5115,40.76588304,-96.854649,CEDAR,2018,CEDAR,WOOD
22,Conestoga,5115,40.76591103,-96.85460198,CEDAR,2018,CEDAR,WOOD
23,Conestoga,5115,40.76586301,-96.85431599,CEDAR,2018,CEDAR,WOOD
24,Conestoga,5115,40.76629903,-96.85457901,CEDAR,2018,CEDAR,WOOD
25,Conestoga,5115,40.76635301,-96.85455898,CEDAR,2018,CEDAR,WOOD
26,Conestoga,5115,40.76924703,-96.85398398,CEDAR,2018,CEDAR,WOOD
27,Conestoga,5115,40.76638402,-96.85451204,CEDAR,2018,CEDAR,WOOD
28,Conestoga,5115,40.76644697,-96.854391,CEDAR,2018,CEDAR,WOOD
29,Conestoga,5115,40.76645804,-96.85432102,CEDAR,2018,CEDAR,WOOD
30,Conestoga,5115,40.76664596,-96.85403704,CEDAR,2018,CEDAR,WOOD
31,Conestoga,5115,40.766552,-96.85411298,CEDAR,2018,CEDAR,WOOD
32,Conestoga,5115,40.76628604,-96.85389496,CEDAR,2018,CEDAR,WOOD
33,Conestoga,5115,40.76614204,-96.85388499,CEDAR,2018,CEDAR,WOOD
34,Conestoga,5115,40.766107,-96.85382598,CEDAR,2018,CEDAR,WOOD
35,Conestoga,5115,40.76679901,-96.853843,CEDAR,2018,CEDAR,WOOD
36,Conestoga,5115,40.76677303,-96.85386596,CEDAR,2018,CEDAR,WOOD
37,Conestoga,5115,40.76927402,-96.85345701,CEDAR,2018,CEDAR,WOOD
38,Conestoga,5115,40.76689901,-96.85369899,CEDAR,2018,CEDAR,WOOD
39,Conestoga,5115,40.76691996,-96.85369799,CEDAR,2018,CEDAR,WOOD
40,Conestoga,5115,40.76699498,-96.85356597,CEDAR,2018,CEDAR,WOOD
41,Conestoga,5115,40.76707603,-96.85350303,CEDAR,2018,CEDAR,WOOD
42,Conestoga,5115,40.76630004,-96.85283197,CEDAR,2018,CEDAR,WOOD
43,Conestoga,5115,40.76614397,-96.85253701,CEDAR,2018,CEDAR,WOOD
44,Conestoga,5115,40.76618697,-96.85248798,CEDAR,2018,CEDAR,WOOD
45,Conestoga,5115,40.76627598,-96.85248798,CEDAR,2018,CEDAR,WOOD
46,Conestoga,5115,40.76627196,-96.85254598,CEDAR,2018,CEDAR,WOOD
47,Conestoga,5115,40.76622401,-96.852564,CEDAR,2018,CEDAR,WOOD
48,Conestoga,5115,40.76915802,-96.85322098,CEDAR,2018,CEDAR,WOOD
49,Conestoga,5115,40.76626601,-96.852636,CEDAR,2018,CEDAR,WOOD
50,Conestoga,5115,40.76620599,-96.85265796,CEDAR,2018,CEDAR,WOOD
51,Conestoga,5115,40.76624799,-96.85269903,CEDAR,2018,CEDAR,WOOD
52,Conestoga,5115,40.76621002,-96.85273399,CEDAR,2018,CEDAR,WOOD
53,Conestoga,5115,40.76625704,-96.85280196,CEDAR,2018,CEDAR,WOOD
54,Conestoga,5115,40.76608303,-96.85333396,CEDAR,2018,CEDAR,WOOD
55,Conestoga,5115,40.766179,-96.85340596,CEDAR,2018,CEDAR,WOOD
56,Conestoga,5115,40.76917402,-96.85320002,CEDAR,2018,CEDAR,WOOD
57,Conestoga,5115,40.76896498,-96.85304596,CEDAR,2018,CEDAR,WOOD
58,Conestoga,5115,40.76876197,-96.85288402,CEDAR,2018,CEDAR,WOOD
59,Conestoga,5115,40.76874504,-96.85283197,CEDAR,2018,CEDAR,WOOD
60,Conestoga,5115,40.76868997,-96.85333497,CEDAR,2018,CEDAR,WOOD
61,Conestoga,5115,40.76563703,-96.85505401,CRIB,2018,CRIB,WOOD
62,Conestoga,5115,40.77026702,-96.84815898,GRAVEL,2018,GRAVEL,ROCK
63,Conestoga,5115,40.77028697,-96.84731198,GRAVEL,2018,GRAVEL,ROCK
64,Conestoga,5115,40.76670899,-96.852448,GRAVEL,2018,GRAVEL,ROCK
65,Conestoga,5115,40.76636801,-96.85252,GRAVEL,2018,GRAVEL,ROCK
66,Conestoga,5115,40.77032897,-96.84665602,GRAVEL,2018,GRAVEL,ROCK
67,Conestoga,5115,40.76953897,-96.84793199,GRAVEL,2018,GRAVEL,ROCK
68,Conestoga,5115,40.76930604,-96.847199,GRAVEL,2018,GRAVEL,ROCK
69,Conestoga,5115,40.769343,-96.84787902,GRAVEL,2018,GRAVEL,ROCK
70,Conestoga,5115,40.76833097,-96.85391399,GRAVEL,2018,GRAVEL,ROCK
71,Conestoga,5115,40.76724904,-96.85320999,GRAVEL,2018,GRAVEL,ROCK
72,Conestoga,5115,40.76734501,-96.85226401,GRAVEL,2018,GRAVEL,ROCK
73,Conestoga,5115,40.76766,-96.85222504,GRAVEL,2018,GRAVEL,ROCK
74,Conestoga,5115,40.76708098,-96.85259099,ISLAND,2018,ISLAND,ISLAND
75,Conestoga,5115,40.76992798,-96.85399102,ISLAND,2018,ISLAND,ISLAND
76,Conestoga,5115,40.76637103,-96.852751,ISLAND,2018,ISLAND,ISLAND
77,Conestoga,5115,40.76983896,-96.85421096,ISLAND,2018,ISLAND,ISLAND
78,Conestoga,5115,40.76953604,-96.85482603,ISLAND,2018,ISLAND,ISLAND
79,Conestoga,5115,40.76969001,-96.85451296,ISLAND,2018,ISLAND,ISLAND
80,Conestoga,5115,40.76821304,-96.85366698,ISLAND,2018,ISLAND,ISLAND
81,Conestoga,5115,40.76828898,-96.85381299,ISLAND,2018,ISLAND,ISLAND
82,Conestoga,5115,40.76845,-96.85406302,ISLAND,2018,ISLAND,ISLAND
83,Conestoga,5115,40.76862099,-96.85426796,ISLAND,2018,ISLAND,ISLAND
84,Conestoga,5115,40.76876801,-96.85443903,ISLAND,2018,ISLAND,ISLAND
85,Conestoga,5115,40.76894503,-96.85463903,ISLAND,2018,ISLAND,ISLAND
86,Conestoga,5115,40.76917604,-96.85484204,ISLAND,2018,ISLAND,ISLAND
87,Conestoga,5115,40.76936496,-96.85497397,ISLAND,2018,ISLAND,ISLAND
88,Conestoga,5115,40.76640104,-96.853039,ISLAND,2018,ISLAND,ISLAND
89,Conestoga,5115,40.76601103,-96.85292803,ISLAND,2018,ISLAND,ISLAND
90,Conestoga,5115,40.76608898,-96.85333899,ISLAND,2018,ISLAND,ISLAND
91,Conestoga,5115,40.76896498,-96.84954501,ISLAND,2018,ISLAND,ISLAND
92,Conestoga,5115,40.76891997,-96.85029502,ISLAND,2018,ISLAND,ISLAND
93,Conestoga,5115,40.76345002,-96.85064798,ISLAND,2018,ISLAND,ISLAND
94,Conestoga,5115,40.767243,-96.852061,ISLAND,2018,ISLAND,ISLAND
95,Conestoga,5115,40.76604498,-96.85336498,ISLAND,2018,ISLAND,ISLAND
96,Conestoga,5115,40.76608697,-96.85363001,ISLAND,2018,ISLAND,ISLAND
97,Conestoga,5115,40.76763896,-96.85232696,ISLAND,2018,ISLAND,ISLAND
98,Conestoga,5115,40.76673003,-96.85271798,ISLAND,2018,ISLAND,ISLAND
99,Conestoga,5115,40.76719103,-96.85327202,ISLAND,2018,ISLAND,ISLAND
100,Conestoga,5115,40.765718,-96.855095,LOG CRIB,2018,CRIB,STRUCTURE
101,Conestoga,5115,40.765603,-96.85514404,LOG CRIB,2018,CRIB,STRUCTURE
102,Conestoga,5115,40.766092,-96.85449402,LOG CRIB,2018,CRIB,STRUCTURE
103,Conestoga,5115,40.76566997,-96.85519198,LOG CRIB,2018,CRIB,STRUCTURE
104,Conestoga,5115,40.76585999,-96.85482401,LOG CRIB,2018,CRIB,STRUCTURE
105,Conestoga,5115,40.76582202,-96.85479904,LOG CRIB,2018,CRIB,STRUCTURE
106,Conestoga,5115,40.76585303,-96.85475201,LOG CRIB,2018,CRIB,STRUCTURE
107,Conestoga,5115,40.76587901,-96.85480298,LOG CRIB,2018,CRIB,STRUCTURE
108,Conestoga,5115,40.76600902,-96.85442001,LOG CRIB,2018,CRIB,STRUCTURE
109,Conestoga,5115,40.76604104,-96.85434197,LOG CRIB,2018,CRIB,STRUCTURE
110,Conestoga,5115,40.766106,-96.85438799,LOG CRIB,2018,CRIB,STRUCTURE
111,Conestoga,5115,40.77032603,-96.84828596,ROCK PILE,2018,ROCK PILE,ROCK
112,Conestoga,5115,40.77026996,-96.84805898,ROCK PILE,2018,ROCK PILE,ROCK
113,Conestoga,5115,40.76952003,-96.84729396,ROCK PILE,2018,ROCK PILE,ROCK
114,Conestoga,5115,40.76944602,-96.84702298,ROCK PILE,2018,ROCK PILE,ROCK
115,Conestoga,5115,40.76931098,-96.84703496,ROCK PILE,2018,ROCK PILE,ROCK
116,Conestoga,5115,40.76924996,-96.847314,ROCK PILE,2018,ROCK PILE,ROCK
117,Conestoga,5115,40.76928902,-96.84743897,ROCK PILE,2018,ROCK PILE,ROCK
118,Conestoga,5115,40.76932096,-96.84778699,ROCK PILE,2018,ROCK PILE,ROCK
119,Conestoga,5115,40.76927,-96.84791397,ROCK PILE,2018,ROCK PILE,ROCK
120,Conestoga,5115,40.76884503,-96.84903103,ROCK PILE,2018,ROCK PILE,ROCK
121,Conestoga,5115,40.76879298,-96.84890899,ROCK PILE,2018,ROCK PILE,ROCK
122,Conestoga,5115,40.76894503,-96.84879097,ROCK PILE,2018,ROCK PILE,ROCK
123,Conestoga,5115,40.770321,-96.84793501,ROCK PILE,2018,ROCK PILE,ROCK
124,Conestoga,5115,40.76888803,-96.85005999,ROCK PILE,2018,ROCK PILE,ROCK
125,Conestoga,5115,40.768811,-96.85019301,ROCK PILE,2018,ROCK PILE,ROCK
126,Conestoga,5115,40.76891502,-96.85048797,ROCK PILE,2018,ROCK PILE,ROCK
127,Conestoga,5115,40.76896599,-96.85068998,ROCK PILE,2018,ROCK PILE,ROCK
128,Conestoga,5115,40.77036803,-96.84774298,ROCK PILE,2018,ROCK PILE,ROCK
129,Conestoga,5115,40.770321,-96.84741198,ROCK PILE,2018,ROCK PILE,ROCK
130,Conestoga,5115,40.77025596,-96.84718299,ROCK PILE,2018,ROCK PILE,ROCK
131,Conestoga,5115,40.77027499,-96.84667999,ROCK PILE,2018,ROCK PILE,ROCK
132,Conestoga,5115,40.77019402,-96.84660003,ROCK PILE,2018,ROCK PILE,ROCK
133,Conestoga,5115,40.77018798,-96.84638503,ROCK PILE,2018,ROCK PILE,ROCK
134,Conestoga,5115,40.76953604,-96.84743403,ROCK PILE,2018,ROCK PILE,ROCK
135,Conestoga,5115,40.77038798,-96.84779897,ROOT WAD,2018,ROOT WAD,WOOD
136,Conestoga,5115,40.77038202,-96.84744903,ROOT WAD,2018,ROOT WAD,WOOD
137,Conestoga,5115,40.76934904,-96.85483298,ROOT WAD,2018,ROOT WAD,WOOD
138,Conestoga,5115,40.76937201,-96.85484103,ROOT WAD,2018,ROOT WAD,WOOD
139,Conestoga,5115,40.76940201,-96.85483801,ROOT WAD,2018,ROOT WAD,WOOD
140,Conestoga,5115,40.76938902,-96.85477397,ROOT WAD,2018,ROOT WAD,WOOD
141,Conestoga,5115,40.76893003,-96.85537697,ROOT WAD,2018,ROOT WAD,WOOD
142,Conestoga,5115,40.76233104,-96.85694698,ROOT WAD,2018,ROOT WAD,WOOD
143,Conestoga,5115,40.76234998,-96.85697598,ROOT WAD,2018,ROOT WAD,WOOD
144,Conestoga,5115,40.76242098,-96.85727497,ROOT WAD,2018,ROOT WAD,WOOD
145,Conestoga,5115,40.76237798,-96.85727002,ROOT WAD,2018,ROOT WAD,WOOD
146,Conestoga,5115,40.76264201,-96.85734001,ROOT WAD,2018,ROOT WAD,WOOD
147,Conestoga,5115,40.77034003,-96.84707796,ROOT WAD,2018,ROOT WAD,WOOD
148,Conestoga,5115,40.76267101,-96.85734001,ROOT WAD,2018,ROOT WAD,WOOD
149,Conestoga,5115,40.76267797,-96.85722501,ROOT WAD,2018,ROOT WAD,WOOD
150,Conestoga,5115,40.76267604,-96.85718603,ROOT WAD,2018,ROOT WAD,WOOD
151,Conestoga,5115,40.76274997,-96.85740698,ROOT WAD,2018,ROOT WAD,WOOD
152,Conestoga,5115,40.76291098,-96.85734998,ROOT WAD,2018,ROOT WAD,WOOD
153,Conestoga,5115,40.76292599,-96.85736298,ROOT WAD,2018,ROOT WAD,WOOD
154,Conestoga,5115,40.76297804,-96.85751704,ROOT WAD,2018,ROOT WAD,WOOD
155,Conestoga,5115,40.76303797,-96.85758904,ROOT WAD,2018,ROOT WAD,WOOD
156,Conestoga,5115,40.76305004,-96.85761502,ROOT WAD,2018,ROOT WAD,WOOD
157,Conestoga,5115,40.76307401,-96.85766498,ROOT WAD,2018,ROOT WAD,WOOD
158,Conestoga,5115,40.76927503,-96.84737996,ROOT WAD,2018,ROOT WAD,WOOD
159,Conestoga,5115,40.76309497,-96.85770303,ROOT WAD,2018,ROOT WAD,WOOD
160,Conestoga,5115,40.763159,-96.85767897,ROOT WAD,2018,ROOT WAD,WOOD
161,Conestoga,5115,40.763172,-96.85767696,ROOT WAD,2018,ROOT WAD,WOOD
162,Conestoga,5115,40.76338003,-96.85777101,ROOT WAD,2018,ROOT WAD,WOOD
163,Conestoga,5115,40.76334299,-96.85779104,ROOT WAD,2018,ROOT WAD,WOOD
164,Conestoga,5115,40.763835,-96.85767897,ROOT WAD,2018,ROOT WAD,WOOD
165,Conestoga,5115,40.76385202,-96.85764402,ROOT WAD,2018,ROOT WAD,WOOD
166,Conestoga,5115,40.76477403,-96.85664901,ROOT WAD,2018,ROOT WAD,WOOD
167,Conestoga,5115,40.76475902,-96.85668597,ROOT WAD,2018,ROOT WAD,WOOD
168,Conestoga,5115,40.76510704,-96.85606303,ROOT WAD,2018,ROOT WAD,WOOD
169,Conestoga,5115,40.76943898,-96.85426201,ROOT WAD,2018,ROOT WAD,WOOD
170,Conestoga,5115,40.76511903,-96.85604299,ROOT WAD,2018,ROOT WAD,WOOD
171,Conestoga,5115,40.76488199,-96.85601098,ROOT WAD,2018,ROOT WAD,WOOD
172,Conestoga,5115,40.76485198,-96.85600402,ROOT WAD,2018,ROOT WAD,WOOD
173,Conestoga,5115,40.76463497,-96.85635396,ROOT WAD,2018,ROOT WAD,WOOD
174,Conestoga,5115,40.76463598,-96.85638104,ROOT WAD,2018,ROOT WAD,WOOD
175,Conestoga,5115,40.76578304,-96.85527798,ROOT WAD,2018,ROOT WAD,WOOD
176,Conestoga,5115,40.765747,-96.85526004,ROOT WAD,2018,ROOT WAD,WOOD
177,Conestoga,5115,40.76561498,-96.85536196,ROOT WAD,2018,ROOT WAD,WOOD
178,Conestoga,5115,40.76558397,-96.85531301,ROOT WAD,2018,ROOT WAD,WOOD
179,Conestoga,5115,40.76538901,-96.855728,ROOT WAD,2018,ROOT WAD,WOOD
180,Conestoga,5115,40.76936899,-96.85468999,ROOT WAD,2018,ROOT WAD,WOOD
181,Conestoga,5115,40.76536998,-96.85577796,ROOT WAD,2018,ROOT WAD,WOOD
182,Conestoga,5115,40.76886398,-96.849573,ROOT WAD,2018,ROOT WAD,WOOD
183,Conestoga,5115,40.768882,-96.849242,ROOT WAD,2018,ROOT WAD,WOOD
184,Conestoga,5115,40.76878997,-96.84891402,ROOT WAD,2018,ROOT WAD,WOOD
185,Conestoga,5115,40.76900203,-96.84871897,ROOT WAD,2018,ROOT WAD,WOOD
186,Conestoga,5115,40.76894503,-96.84994801,ROOT WAD,2018,ROOT WAD,WOOD
187,Conestoga,5115,40.76889097,-96.850062,ROOT WAD,2018,ROOT WAD,WOOD
188,Conestoga,5115,40.76881302,-96.85019201,ROOT WAD,2018,ROOT WAD,WOOD
189,Conestoga,5115,40.76892701,-96.85048596,ROOT WAD,2018,ROOT WAD,WOOD
190,Conestoga,5115,40.76896498,-96.85068503,ROOT WAD,2018,ROOT WAD,WOOD
191,Conestoga,5115,40.76935197,-96.854692,ROOT WAD,2018,ROOT WAD,WOOD
192,Conestoga,5115,40.76931803,-96.85479702,ROOT WAD,2018,ROOT WAD,WOOD
193,Conestoga,5115,40.76930797,-96.85484103,ROOT WAD,2018,ROOT WAD,WOOD
194,Conestoga,5115,40.76933001,-96.85484002,ROOT WAD,2018,ROOT WAD,WOOD
195,Conestoga,5115,40.76276002,-96.85737597,ROOT WAD,2018,ROOT WAD,WOOD
196,Conestoga,5115,40.76562798,-96.85532601,ROOT WAD,2018,ROOT WAD,WOOD
197,Conestoga,5115,40.77028496,-96.84759596,TREE,2018,TREE,WOOD
198,Conestoga,5115,40.76412703,-96.85716298,TREE,2018,TREE,WOOD
199,Conestoga,5115,40.76419903,-96.85717103,TREE,2018,TREE,WOOD
200,Conestoga,5115,40.76420196,-96.85713599,TREE,2018,TREE,WOOD
201,Conestoga,5115,40.77028002,-96.84688903,TREE,2018,TREE,WOOD
202,Conestoga,5115,40.76967199,-96.85487296,TREE,2018,TREE,WOOD
203,Conestoga,5115,40.76546998,-96.85537001,TREE,2018,TREE,WOOD
204,Conestoga,5115,40.76525096,-96.85558802,TREE,2018,TREE,WOOD
205,Conestoga,5115,40.76522598,-96.85555198,TREE,2018,TREE,WOOD
206,Conestoga,5115,40.76517502,-96.85561602,TREE,2018,TREE,WOOD
207,Conestoga,5115,40.76671704,-96.85390896,TREE,2018,TREE,WOOD
208,Conestoga,5115,40.76612201,-96.85356899,TREE,2018,TREE,WOOD
209,Conestoga,5115,40.76605797,-96.85335601,TREE,2018,TREE,WOOD
210,Conestoga,5115,40.766035,-96.85336003,TREE,2018,TREE,WOOD
211,Conestoga,5115,40.76683103,-96.85376898,TREE,2018,TREE,WOOD
212,Conestoga,5115,40.76693798,-96.85363202,TREE,2018,TREE,WOOD
213,Conestoga,5115,40.76960402,-96.85465797,TREE,2018,TREE,WOOD
214,Conestoga,5115,40.76715399,-96.85352599,TREE,2018,TREE,WOOD
215,Conestoga,5115,40.76705097,-96.85249401,TREE,2018,TREE,WOOD
216,Conestoga,5115,40.76707796,-96.852477,TREE,2018,TREE,WOOD
217,Conestoga,5115,40.76707,-96.85238396,TREE,2018,TREE,WOOD
218,Conestoga,5115,40.76703999,-96.85238102,TREE,2018,TREE,WOOD
219,Conestoga,5115,40.76721601,-96.85199504,TREE,2018,TREE,WOOD
220,Conestoga,5115,40.76719497,-96.85200602,TREE,2018,TREE,WOOD
221,Conestoga,5115,40.76725599,-96.85211004,TREE,2018,TREE,WOOD
222,Conestoga,5115,40.767329,-96.85211599,TREE,2018,TREE,WOOD
223,Conestoga,5115,40.76734803,-96.85222504,TREE,2018,TREE,WOOD
224,Conestoga,5115,40.76976897,-96.85435697,TREE,2018,TREE,WOOD
225,Conestoga,5115,40.76732397,-96.852262,TREE,2018,TREE,WOOD
226,Conestoga,5115,40.76766302,-96.85229897,TREE,2018,TREE,WOOD
227,Conestoga,5115,40.76762396,-96.85230601,TREE,2018,TREE,WOOD
228,Conestoga,5115,40.76765103,-96.85216301,TREE,2018,TREE,WOOD
229,Conestoga,5115,40.76767199,-96.85216997,TREE,2018,TREE,WOOD
230,Conestoga,5115,40.76672701,-96.85263902,TREE,2018,TREE,WOOD
231,Conestoga,5115,40.76670698,-96.85261203,TREE,2018,TREE,WOOD
232,Conestoga,5115,40.76671796,-96.85247499,TREE,2018,TREE,WOOD
233,Conestoga,5115,40.766696,-96.85240801,TREE,2018,TREE,WOOD
234,Conestoga,5115,40.76639199,-96.85258797,TREE,2018,TREE,WOOD
235,Conestoga,5115,40.76988598,-96.85408498,TREE,2018,TREE,WOOD
236,Conestoga,5115,40.76635502,-96.85258999,TREE,2018,TREE,WOOD
237,Conestoga,5115,40.76638796,-96.85243903,TREE,2018,TREE,WOOD
238,Conestoga,5115,40.76634899,-96.85242796,TREE,2018,TREE,WOOD
239,Conestoga,5115,40.76636299,-96.85306398,TREE,2018,TREE,WOOD
240,Conestoga,5115,40.76640104,-96.85304697,TREE,2018,TREE,WOOD
241,Conestoga,5115,40.76603198,-96.85279501,TREE,2018,TREE,WOOD
242,Conestoga,5115,40.76604799,-96.85257599,TREE,2018,TREE,WOOD
243,Conestoga,5115,40.76600701,-96.85255101,TREE,2018,TREE,WOOD
244,Conestoga,5115,40.76606702,-96.85334503,TREE,2018,TREE,WOOD
245,Conestoga,5115,40.76604598,-96.85338501,TREE,2018,TREE,WOOD
246,Conestoga,5115,40.76963503,-96.854117,TREE,2018,TREE,WOOD
247,Conestoga,5115,40.76973301,-96.85406604,TREE,2018,TREE,WOOD
248,Conestoga,5115,40.76949597,-96.85425304,TREE,2018,TREE,WOOD
249,Conestoga,5115,40.76947804,-96.854391,TREE,2018,TREE,WOOD
250,Conestoga,5115,40.76939003,-96.85426402,TREE,2018,TREE,WOOD
251,Conestoga,5115,40.76942297,-96.85425597,TREE,2018,TREE,WOOD
252,Conestoga,5115,40.77021204,-96.84679801,TREE,2018,TREE,WOOD
253,Conestoga,5115,40.76921702,-96.854246,TREE,2018,TREE,WOOD
254,Conestoga,5115,40.76929498,-96.85442797,TREE,2018,TREE,WOOD
255,Conestoga,5115,40.76934099,-96.85446803,TREE,2018,TREE,WOOD
256,Conestoga,5115,40.76936798,-96.85445596,TREE,2018,TREE,WOOD
257,Conestoga,5115,40.76842703,-96.85425899,TREE,2018,TREE,WOOD
258,Conestoga,5115,40.76856701,-96.854362,TREE,2018,TREE,WOOD
259,Conestoga,5115,40.76893497,-96.854779,TREE,2018,TREE,WOOD
260,Conestoga,5115,40.76895903,-96.85479602,TREE,2018,TREE,WOOD
261,Conestoga,5115,40.76899004,-96.85481597,TREE,2018,TREE,WOOD
262,Conestoga,5115,40.76955398,-96.855512,TREE,2018,TREE,WOOD
263,Conestoga,5115,40.770148,-96.84680404,TREE,2018,TREE,WOOD
264,Conestoga,5115,40.76906598,-96.855468,TREE,2018,TREE,WOOD
265,Conestoga,5115,40.76892701,-96.85532902,TREE,2018,TREE,WOOD
266,Conestoga,5115,40.76320703,-96.85392497,TREE,2018,TREE,WOOD
267,Conestoga,5115,40.76253698,-96.85534604,TREE,2018,TREE,WOOD
268,Conestoga,5115,40.76251603,-96.855425,TREE,2018,TREE,WOOD
269,Conestoga,5115,40.76240203,-96.85554503,TREE,2018,TREE,WOOD
270,Conestoga,5115,40.762396,-96.85563304,TREE,2018,TREE,WOOD
271,Conestoga,5115,40.76244,-96.85562298,TREE,2018,TREE,WOOD
272,Conestoga,5115,40.76227304,-96.855828,TREE,2018,TREE,WOOD
273,Conestoga,5115,40.76231604,-96.85584904,TREE,2018,TREE,WOOD
274,Conestoga,5115,40.77021296,-96.84668996,TREE,2018,TREE,WOOD
275,Conestoga,5115,40.76235199,-96.85586102,TREE,2018,TREE,WOOD
276,Conestoga,5115,40.76231,-96.85596102,TREE,2018,TREE,WOOD
277,Conestoga,5115,40.76227203,-96.85601198,TREE,2018,TREE,WOOD
278,Conestoga,5115,40.76228997,-96.85609999,TREE,2018,TREE,WOOD
279,Conestoga,5115,40.76230698,-96.85631499,TREE,2018,TREE,WOOD
280,Conestoga,5115,40.762339,-96.85630702,TREE,2018,TREE,WOOD
281,Conestoga,5115,40.76234001,-96.856476,TREE,2018,TREE,WOOD
282,Conestoga,5115,40.76235199,-96.85655597,TREE,2018,TREE,WOOD
283,Conestoga,5115,40.76232098,-96.85658103,TREE,2018,TREE,WOOD
284,Conestoga,5115,40.76238401,-96.85685,TREE,2018,TREE,WOOD
285,Conestoga,5115,40.76927704,-96.84795002,TREE,2018,TREE,WOOD
286,Conestoga,5115,40.76240103,-96.85674699,TREE,2018,TREE,WOOD
287,Conestoga,5115,40.76244403,-96.857036,TREE,2018,TREE,WOOD
288,Conestoga,5115,40.76247001,-96.85706701,TREE,2018,TREE,WOOD
289,Conestoga,5115,40.76248803,-96.85703298,TREE,2018,TREE,WOOD
290,Conestoga,5115,40.76245199,-96.85728301,TREE,2018,TREE,WOOD
291,Conestoga,5115,40.762468,-96.85730497,TREE,2018,TREE,WOOD
292,Conestoga,5115,40.76254201,-96.85736096,TREE,2018,TREE,WOOD
293,Conestoga,5115,40.76257101,-96.85737999,TREE,2018,TREE,WOOD
294,Conestoga,5115,40.76258199,-96.85740598,TREE,2018,TREE,WOOD
295,Conestoga,5115,40.76282297,-96.85734998,TREE,2018,TREE,WOOD
296,Conestoga,5115,40.77002797,-96.85406797,TREE,2018,TREE,WOOD
297,Conestoga,5115,40.76284602,-96.85734102,TREE,2018,TREE,WOOD
298,Conestoga,5115,40.76286899,-96.85735803,TREE,2018,TREE,WOOD
299,Conestoga,5115,40.76328498,-96.85763002,TREE,2018,TREE,WOOD
300,Conestoga,5115,40.763316,-96.85762801,TREE,2018,TREE,WOOD
301,Conestoga,5115,40.76336402,-96.85761804,TREE,2018,TREE,WOOD
302,Conestoga,5115,40.76343896,-96.85767897,TREE,2018,TREE,WOOD
303,Conestoga,5115,40.76344097,-96.85772197,TREE,2018,TREE,WOOD
304,Conestoga,5115,40.76342496,-96.85784804,TREE,2018,TREE,WOOD
305,Conestoga,5115,40.76369201,-96.85779297,TREE,2018,TREE,WOOD
306,Conestoga,5115,40.76372604,-96.85776799,TREE,2018,TREE,WOOD
307,Conestoga,5115,40.76990501,-96.85425698,TREE,2018,TREE,WOOD
308,Conestoga,5115,40.76375504,-96.85776799,TREE,2018,TREE,WOOD
309,Conestoga,5115,40.76388496,-96.85762097,TREE,2018,TREE,WOOD
310,Conestoga,5115,40.76389602,-96.85763304,TREE,2018,TREE,WOOD
311,Conestoga,5115,40.76389301,-96.85762298,TREE,2018,TREE,WOOD
312,Conestoga,5115,40.76408202,-96.85755199,TREE,2018,TREE,WOOD
313,Conestoga,5115,40.76407397,-96.85755299,TREE,2018,TREE,WOOD
314,Conestoga,5115,40.76406802,-96.85754,TREE,2018,TREE,WOOD
315,Conestoga,5115,40.76425896,-96.85739198,TREE,2018,TREE,WOOD
316,Conestoga,5115,40.76432501,-96.85711596,TREE,2018,TREE,WOOD
317,Conestoga,5115,40.76432803,-96.85711998,TREE,2018,TREE,WOOD
318,Conestoga,5115,40.76984399,-96.85446996,TREE,2018,TREE,WOOD
319,Conestoga,5115,40.76435099,-96.85699803,TREE,2018,TREE,WOOD
320,Conestoga,5115,40.76434697,-96.85695503,TREE,2018,TREE,WOOD
321,Conestoga,5115,40.76473304,-96.856994,TREE,2018,TREE,WOOD
322,Conestoga,5115,40.76477302,-96.857036,TREE,2018,TREE,WOOD
323,Conestoga,5115,40.76482398,-96.85698898,TREE,2018,TREE,WOOD
324,Conestoga,5115,40.76494401,-96.85674498,TREE,2018,TREE,WOOD
325,Conestoga,5115,40.76498902,-96.85675202,TREE,2018,TREE,WOOD
326,Conestoga,5115,40.76495801,-96.85668698,TREE,2018,TREE,WOOD
327,Conestoga,5115,40.76479699,-96.856519,TREE,2018,TREE,WOOD
328,Conestoga,5115,40.76477998,-96.85641498,TREE,2018,TREE,WOOD
329,Conestoga,5115,40.76982102,-96.854534,TREE,2018,TREE,WOOD
330,Conestoga,5115,40.76482197,-96.85640702,TREE,2018,TREE,WOOD
331,Conestoga,5115,40.76490202,-96.85622899,TREE,2018,TREE,WOOD
332,Conestoga,5115,40.76487302,-96.85617702,TREE,2018,TREE,WOOD
333,Conestoga,5115,40.76493404,-96.85608398,TREE,2018,TREE,WOOD
334,Conestoga,5115,40.76506999,-96.85595297,TREE,2018,TREE,WOOD
335,Conestoga,5115,40.76507896,-96.85590997,TREE,2018,TREE,WOOD
336,Conestoga,5115,40.76501199,-96.85595599,TREE,2018,TREE,WOOD
337,Conestoga,5115,40.76753201,-96.853556,TREE,2018,TREE,WOOD
338,Conestoga,5115,40.76552798,-96.85532902,TREE,2018,TREE,WOOD
339,Conestoga,5115,40.76552203,-96.85542701,TREE,2018,TREE,WOOD
340,Conestoga,5115,40.76600097,-96.85278696,TREE,2018,TREE,WOOD
341,Conestoga,5115,40.76319303,-96.85402899,UPRIGHT TREE,2018,TREE,STRUCTURE
342,Conestoga,5115,40.76320603,-96.85397803,UPRIGHT TREE,2018,TREE,STRUCTURE
343,Conestoga,5115,40.76314601,-96.85630199,UPRIGHT TREE,2018,TREE,STRUCTURE
344,Conestoga,5115,40.76314299,-96.85622396,UPRIGHT TREE,2018,TREE,STRUCTURE
345,Conestoga,5115,40.76309698,-96.85621901,UPRIGHT TREE,2018,TREE,STRUCTURE
346,Conestoga,5115,40.76306102,-96.85620502,UPRIGHT TREE,2018,TREE,STRUCTURE
347,Conestoga,5115,40.76302296,-96.85653702,UPRIGHT TREE,2018,TREE,STRUCTURE
348,Conestoga,5115,40.76304702,-96.85592799,UPRIGHT TREE,2018,TREE,STRUCTURE
349,Conestoga,5115,40.763115,-96.85597602,UPRIGHT TREE,2018,TREE,STRUCTURE
350,Conestoga,5115,40.76310997,-96.85591601,UPRIGHT TREE,2018,TREE,STRUCTURE
351,Conestoga,5115,40.76310502,-96.85589799,UPRIGHT TREE,2018,TREE,STRUCTURE
352,Conestoga,5115,40.76303696,-96.85588198,UPRIGHT TREE,2018,TREE,STRUCTURE
353,Conestoga,5115,40.76323201,-96.85380603,UPRIGHT TREE,2018,TREE,STRUCTURE
354,Conestoga,5115,40.76306202,-96.85553304,UPRIGHT TREE,2018,TREE,STRUCTURE
355,Conestoga,5115,40.76302296,-96.854175,UPRIGHT TREE,2018,TREE,STRUCTURE
356,Conestoga,5115,40.76308197,-96.85743003,UPRIGHT TREE,2018,TREE,STRUCTURE
357,Conestoga,5115,40.76334399,-96.85383403,UPRIGHT TREE,2018,TREE,STRUCTURE
358,Conestoga,5115,40.76339504,-96.85384903,UPRIGHT TREE,2018,TREE,STRUCTURE
359,Conestoga,5115,40.76341901,-96.85384803,UPRIGHT TREE,2018,TREE,STRUCTURE
360,Conestoga,5115,40.76318398,-96.85432403,UPRIGHT TREE,2018,TREE,STRUCTURE
361,Conestoga,5115,40.76325104,-96.854491,UPRIGHT TREE,2018,TREE,STRUCTURE
362,Conestoga,5115,40.76331499,-96.85552801,UPRIGHT TREE,2018,TREE,STRUCTURE
363,Conestoga,5115,40.76350601,-96.85543698,UPRIGHT TREE,2018,TREE,STRUCTURE
369,East Gothenburg,6245,40.888556,-100.105722,Trees,2/11/2020,TREE,STRUCTURE
370,East Gothenburg,6245,40.888667,-100.105639,Trees,2/11/2020,TREE,STRUCTURE
371,East Gothenburg,6245,40.88875,-100.105556,Trees,2/11/2020,TREE,STRUCTURE
372,East Gothenburg,6245,40.88875,-100.105417,Trees,2/11/2020,TREE,STRUCTURE
373,East Gothenburg,6245,40.888583,-100.105444,Trees,2/11/2020,TREE,STRUCTURE
374,East Gothenburg,6245,40.8885,-100.105472,Trees,2/11/2020,TREE,STRUCTURE
375,Enders,4900,40.427211,-101.531253,Brush Pile,2011,BRUSH PILE,WOOD
376,Enders,4900,40.42112,-101.524913,Brush Pile,2011,BRUSH PILE,WOOD
377,Enders,4900,40.421309,-101.52548,Brush Pile,2011,BRUSH PILE,WOOD
378,Enders,4900,40.431266,-101.525343,Brush Pile,2011,BRUSH PILE,WOOD
379,Enders,4900,40.430727,-101.526562,Brush Pile,2011,BRUSH PILE,WOOD
386,Hershey,4295,41.13456,-100.9865,Trees,2016,TREE,STRUCTURE
387,Hershey,4295,41.13458,-100.9866,Trees,2016,TREE,STRUCTURE
388,Hershey,4295,41.13453,-100.9866,Trees,2016,TREE,STRUCTURE
389,Hershey,4295,41.13456,-100.9867,Trees,2016,TREE,STRUCTURE
390,Hershey,4295,41.13467,-100.989,Trees,2016,TREE,STRUCTURE
391,Hershey,4295,41.13458,-100.9893,Trees,2016,TREE,STRUCTURE
392,Hershey,4295,41.13464,-100.9894,Trees,2016,TREE,STRUCTURE
393,Hershey,4295,41.13458,-100.9895,Trees,2016,TREE,STRUCTURE
394,Hershey,4295,41.135,-100.9898,Trees,2016,TREE,STRUCTURE
395,Hershey,4295,41.13469,-100.9901,Trees,2016,TREE,STRUCTURE
396,Hershey,4295,41.13492,-100.9904,Trees,2016,TREE,STRUCTURE
397,Hershey,4295,41.13461,-100.9908,Trees,2016,TREE,STRUCTURE
398,Hershey,4295,41.11586,-100.8307,Trees,2016,TREE,STRUCTURE
399,Hershey,4295,41.13456,-100.9865,Trees,2016,TREE,STRUCTURE
400,Hershey,4295,41.13458,-100.9865,Trees,2016,TREE,STRUCTURE
401,Hershey,4295,41.1346,-100.991,Trees,2016,TREE,STRUCTURE
402,Hershey,4295,41.13583,-100.9894,Mossbacks,2019,FISH ATTRACTOR,STRUCTURE
403,Hershey,4295,41.13472,-100.9893,Mossbacks,2019,FISH ATTRACTOR,STRUCTURE
404,Jeffrey Lake,4555,40.95157,-100.40128,Cedar Tree,2017,CEDAR,STRUCTURE
405,Jeffrey Lake,4555,40.95315,-100.39827,Cedar Tree,2017,CEDAR,STRUCTURE
406,Jeffrey Lake,4555,40.95348,-100.39865,Cedar Tree,2017,CEDAR,STRUCTURE
407,Jeffrey Lake,4555,40.95332,-100.39853,Cedar Tree,2017,CEDAR,STRUCTURE
408,Jeffrey Lake,4555,40.9545,-100.3992,Cedar Tree,2017,CEDAR,STRUCTURE
409,Jeffrey Lake,4555,40.95439,-100.3989,Cedar Tree,2017,CEDAR,STRUCTURE
410,Johnson,6535,40.69659,-99.87178,Rock Shoal,Unknown,SHOAL,STRUCTURE
411,Johnson,6535,40.69654,-99.87209,Rock Shoal,Unknown,SHOAL,STRUCTURE
412,Johnson,6535,40.69651,-99.87232,Rock Shoal,Unknown,SHOAL,STRUCTURE
413,Johnson,6535,40.69648,-99.87252,Rock Shoal,Unknown,SHOAL,STRUCTURE
414,Johnson,6535,40.69645,-99.87267,Rock Shoal,Unknown,SHOAL,STRUCTURE
415,Johnson,6535,40.69694,-99.87184,Rock Shoal,Unknown,SHOAL,STRUCTURE
416,Johnson,6535,40.6969,-99.87244,Rock Shoal,Unknown,SHOAL,STRUCTURE
417,Johnson,6535,40.69687,-99.87262,Rock Shoal,Unknown,SHOAL,STRUCTURE
418,Johnson,6535,40.69679,-99.87302,Rock Shoal,Unknown,SHOAL,STRUCTURE
419,Johnson,6535,40.69674,-99.87327,Rock Shoal,Unknown,SHOAL,STRUCTURE
420,Lake Helen,6705,40.93906,-100.1626,Mossbacks & Trees,Unknown,FISH ATTRACTOR,STRUCTURE
421,Lake Helen,6705,40.94075,-100.1626,Trees,Unknown,TREE,STRUCTURE
422,Lake Helen,6705,40.94156,-100.1625,Trees,Unknown,TREE,STRUCTURE
423,Lake Helen,6705,40.94153,-100.1626,Trees,Unknown,TREE,STRUCTURE
424,Lake Helen,6705,40.94078,-100.1641,Trees,Unknown,TREE,STRUCTURE
425,Lake Helen,6705,40.94058,-100.1642,Trees,Unknown,TREE,STRUCTURE
426,Lake Helen,6705,40.94064,-100.1641,Mossbacks,Unknown,FISH ATTRACTOR,STRUCTURE
427,Lake Helen,6705,40.93975,-100.1641,Trees,Unknown,TREE,STRUCTURE
428,Lake Helen,6705,40.93975,-100.1643,Trees,Unknown,TREE,STRUCTURE
429,Lake Helen,6705,40.93969,-100.1648,Trees,Unknown,TREE,STRUCTURE
430,Lake Helen,6705,40.94019,-100.1626,Mossbacks,Unknown,FISH ATTRACTOR,STRUCTURE
431,Lake Helen,6705,40.93983,-100.1653,Mossbacks,Unknown,FISH ATTRACTOR,STRUCTURE
432,Lake Helen,6705,40.94089,-100.1638,Gravel Shoals,Unknown,SHOAL,STRUCTURE
433,Lake Helen,6705,40.94081,-100.1637,Gravel Shoals,Unknown,SHOAL,STRUCTURE
434,Lake Helen,6705,40.94094,-100.1637,Gravel Shoals,Unknown,SHOAL,STRUCTURE
435,Lake Helen,6705,40.94131,-100.1638,Gravel Shoals,Unknown,SHOAL,STRUCTURE
436,Lake Helen,6705,40.94122,-100.164,Gravel Shoals,Unknown,SHOAL,STRUCTURE
437,Lake Helen,6705,40.94069,-100.1641,Gravel Shoals,Unknown,SHOAL,STRUCTURE
438,Lake Helen,6705,40.94014,-100.1648,Gravel Shoals,Unknown,SHOAL,STRUCTURE
439,Lake Helen,6705,40.94022,-100.1646,Gravel Shoals,Unknown,SHOAL,STRUCTURE
440,Lake Helen,6705,40.94,-100.1634,Gravel Shoals,Unknown,SHOAL,STRUCTURE
441,Lake Helen,6705,40.93981,-100.1632,Gravel Shoals,Unknown,SHOAL,STRUCTURE
442,Lake Helen,6705,40.93997,-100.1631,Gravel Shoals,Unknown,SHOAL,STRUCTURE
443,Lake Helen,6705,40.93997,-100.1618,Gravel Shoals,Unknown,SHOAL,STRUCTURE
444,Lake Helen,6705,40.94022,-100.1618,Gravel Shoals,Unknown,SHOAL,STRUCTURE
445,Lake Helen,6705,40.94044,-100.1619,Gravel Shoals,Unknown,SHOAL,STRUCTURE
446,Lake Helen,6705,40.94106,-100.1641,Stump,Unknown,TREE,STRUCTURE
447,Lake Helen,6705,40.93989,-100.1656,Stump,Unknown,TREE,STRUCTURE
448,Lake Helen,6705,40.94139,-100.1633,Rip Rap Piles,Unknown,ROCK PILE,STRUCTURE
449,Lake Helen,6705,40.94122,-100.1641,Rip Rap Piles,Unknown,ROCK PILE,STRUCTURE
450,Lake Helen,6705,40.94003,-100.1654,Rip Rap Piles,Unknown,ROCK PILE,STRUCTURE
451,Lake Helen,6705,40.94086,-100.1643,Rip Rap Piles,Unknown,ROCK PILE,STRUCTURE
452,Lake Helen,6705,40.94058,-100.1643,Rip Rap Piles,Unknown,ROCK PILE,STRUCTURE
453,Lake Helen,6705,40.94053,-100.1641,Rip Rap Piles,Unknown,ROCK PILE,STRUCTURE
454,Lake Helen,6705,40.94047,-100.1639,Rip Rap Piles,Unknown,ROCK PILE,STRUCTURE
455,Lake Helen,6705,40.94042,-100.1638,Rip Rap Piles,Unknown,ROCK PILE,STRUCTURE
456,Lake Helen,6705,40.94033,-100.1637,Rip Rap Piles,Unknown,ROCK PILE,STRUCTURE
458,Lake Helen,6705,40.94017,-100.1638,Rip Rap Piles,Unknown,ROCK PILE,STRUCTURE
459,Lake Helen,6705,40.94019,-100.164,Rip Rap Piles,Unknown,ROCK PILE,STRUCTURE
460,Lake Helen,6705,40.94028,-100.1642,Rip Rap Piles,Unknown,ROCK PILE,STRUCTURE
461,Lake Helen,6705,40.94022,-100.1647,Rip Rap Piles,Unknown,ROCK PILE,STRUCTURE
462,Lake Helen,6705,40.93944,-100.165,Rip Rap Piles,Unknown,ROCK PILE,STRUCTURE
463,Lake Helen,6705,40.93944,-100.1653,Rip Rap Piles,Unknown,ROCK PILE,STRUCTURE
464,Lake Helen,6705,40.93972,-100.1658,Rip Rap Piles,Unknown,ROCK PILE,STRUCTURE
465,Lake Helen,6705,40.93972,-100.1656,Rip Rap Piles,Unknown,ROCK PILE,STRUCTURE
466,Lake Helen,6705,40.94092,-100.1626,Rip Rap Piles,Unknown,ROCK PILE,STRUCTURE
547,Medicine Creek,4905,40.385321,-100.231759,Trees,"2006, 2009",TREE,STRUCTURE
548,Medicine Creek,4905,40.390141,-100.222827,Trees,"2006, 2009",TREE,STRUCTURE
549,Medicine Creek,4905,40.389822,-100.222868,Trees,"2006, 2009",TREE,STRUCTURE
550,Medicine Creek,4905,40.389777,-100.221269,Trees,"2006, 2009",TREE,STRUCTURE
551,Medicine Creek,4905,40.379109,-100.227417,Trees,"2006, 2009",TREE,STRUCTURE
552,North Platte I-80 City Lake,4720,41.108927,-100.756656,O'Dell Structures (reused),2013,FISH ATTRACTOR,STRUCTURE
553,North Platte I-80 City Lake,4720,41.10892,-100.755514,O'Dell Structures (reused),2013,FISH ATTRACTOR,STRUCTURE
554,North Platte I-80 City Lake,4720,41.10867,-100.755505,O'Dell Structures (reused),2013,FISH ATTRACTOR,STRUCTURE
555,Red Willow,4910,40.362674,-100.66794,Rocks,"2004, 2012",ROCK PILE,STRUCTURE
556,Red Willow,4910,40.362716,-100.6682,Rocks,"2004, 2012",ROCK PILE,STRUCTURE
557,Red Willow,4910,40.363016,-100.668608,Rocks,"2004, 2012",ROCK PILE,STRUCTURE
558,Red Willow,4910,40.362864,-100.66851,Rocks,"2004, 2012",ROCK PILE,STRUCTURE
559,Red Willow,4910,40.363085,-100.668798,Rocks,"2004, 2012",ROCK PILE,STRUCTURE
560,Red Willow,4910,40.363209,-100.669001,Rocks,"2004, 2012",ROCK PILE,STRUCTURE
561,Red Willow,4910,40.363261,-100.66912,Rocks,"2004, 2012",ROCK PILE,STRUCTURE
562,Red Willow,4910,40.363321,-100.669298,Rocks,"2004, 2012",ROCK PILE,STRUCTURE
563,Red Willow,4910,40.363826,-100.669947,Rocks,"2004, 2012",ROCK PILE,STRUCTURE
564,Red Willow,4910,40.362818,-100.667955,Rocks,"2004, 2012",ROCK PILE,STRUCTURE
565,Red Willow,4910,40.362713,-100.66774,Rocks,"2004, 2012",ROCK PILE,STRUCTURE
566,Red Willow,4910,40.362543,-100.667654,Rocks,"2004, 2012",ROCK PILE,STRUCTURE
567,Red Willow,4910,40.362456,-100.667498,Rocks,"2004, 2012",ROCK PILE,STRUCTURE
568,Red Willow,4910,40.362474,-100.666839,Trees,"2004, 2012",TREE,STRUCTURE
569,Red Willow,4910,40.362418,-100.66632,Trees,"2004, 2012",TREE,STRUCTURE
570,Red Willow,4910,40.362292,-100.666376,Trees,"2004, 2012",TREE,STRUCTURE
571,Red Willow,4910,40.361643,-100.666371,Rocks,"2004, 2012",ROCK PILE,STRUCTURE
572,Red Willow,4910,40.360718,-100.666796,Rocks,"2004, 2012",ROCK PILE,STRUCTURE
573,Red Willow,4910,40.360206,-100.667325,Rocks,"2004, 2012",ROCK PILE,STRUCTURE
574,Red Willow,4910,40.360186,-100.666818,Rocks,"2004, 2012",ROCK PILE,STRUCTURE
575,Red Willow,4910,40.363391,-100.66632,Trees,"2004, 2012",TREE,STRUCTURE
576,Red Willow,4910,40.362663,-100.665631,Trees,"2004, 2012",TREE,STRUCTURE
577,Red Willow,4910,40.362641,-100.665254,Trees,"2004, 2012",TREE,STRUCTURE
578,Red Willow,4910,40.363978,-100.66624,Trees,"2004, 2012",TREE,STRUCTURE
579,Red Willow,4910,40.363739,-100.665952,Trees,"2004, 2012",TREE,STRUCTURE
580,Red Willow,4910,40.365473,-100.665653,Trees,"2004, 2012",TREE,STRUCTURE
581,Red Willow,4910,40.379325,-100.676502,RW DH 1,"2004, 2012",STRUCTURE,STRUCTURE
582,Red Willow,4910,40.379325,-100.676502,RW DH 1,"2004, 2012",STRUCTURE,STRUCTURE
583,Red Willow,4910,40.379325,-100.676502,RW DH 1,"2004, 2012",STRUCTURE,STRUCTURE
584,Red Willow,4910,40.380277,-100.676019,RW DH 2,"2004, 2012",STRUCTURE,STRUCTURE
585,Red Willow,4910,40.380277,-100.676019,RW DH 2,"2004, 2012",STRUCTURE,STRUCTURE
586,Red Willow,4910,40.380277,-100.676019,RW DH 2,"2004, 2012",STRUCTURE,STRUCTURE
587,Red Willow,4910,40.3609,-100.685961,Trees,"2004, 2012",TREE,STRUCTURE
588,Red Willow,4910,40.3609,-100.685961,Trees,"2004, 2012",TREE,STRUCTURE
589,Red Willow,4910,40.3609,-100.685961,Trees,"2004, 2012",TREE,STRUCTURE
590,Red Willow,4910,40.354943,-100.681355,Brush Piles,"2004, 2012",BRUSH PILE,WOOD
591,Red Willow,4910,40.351931,-100.681203,Brush Piles,"2004, 2012",BRUSH PILE,WOOD
592,Red Willow,4910,40.352875,-100.680379,Brush Piles,"2004, 2012",BRUSH PILE,WOOD
593,Red Willow,4910,40.365123,-100.677171,Brush Piles,"2004, 2012",BRUSH PILE,WOOD
594,Swanson,4920,40.170045,-101.067162,edge of tree pile,2005,BRUSH PILE,WOOD
595,Swanson,4920,40.16986,-101.066373,edge of tree pile,2005,BRUSH PILE,WOOD
596,Swanson,4920,40.169503,-101.08008,Large Tree Pile,2005,BRUSH PILE,WOOD
598,West Brady,4270,41.01667,-100.4164,Unknown,2010,STRUCTURE,STRUCTURE
599,West Brady,4270,41.01685,-100.4165,Unknown,2010,STRUCTURE,STRUCTURE
600,West Brady,4270,41.01692,-100.4166,Unknown,2010,STRUCTURE,STRUCTURE
601,West Brady,4270,41.0168,-100.4164,Unknown,2010,STRUCTURE,STRUCTURE
602,West Brady,4270,41.01723,-100.4188,Unknown,2010,STRUCTURE,STRUCTURE
603,West Brady,4270,41.01735,-100.4189,Unknown,2010,STRUCTURE,STRUCTURE
604,West Brady,4270,41.01748,-100.419,Unknown,2010,STRUCTURE,STRUCTURE
605,West Brady,4271,41.017441,-100.419024,Trees,2018,TREE,STRUCTURE
606,West Gothenburg,4260,40.986642,-100.301662,Trees,2011,TREE,STRUCTURE
607,West Gothenburg,4261,40.98673,-100.304244,Trees,2011,TREE,STRUCTURE
608,West Gothenburg,4262,40.986472,-100.303731,Trees,2011,TREE,STRUCTURE
609,West Gothenburg,4263,40.985644,-100.302256,Trees,2011,TREE,STRUCTURE
610,West Gothenburg,4264,40.987334,-100.303641,Trees,2011,TREE,STRUCTURE
611,West Gothenburg,4265,40.986302,-100.301141,Trees,2011,TREE,STRUCTURE
612,West Gothenburg,4266,40.987259,-100.304891,Trees,2011,TREE,STRUCTURE
613,West Gothenburg,4266,40.9868,-100.302,Trees,2014,TREE,STRUCTURE
614,West Gothenburg,4266,40.98697,-100.3024,Trees,2014,TREE,STRUCTURE
615,Willow Island,6240,40.87722,-100.0676,Trees,2015,TREE,STRUCTURE
616,Willow Island,6240,40.87736,-100.0679,Trees,2015,TREE,STRUCTURE
617,Willow Island,6240,40.87744,-100.0682,Trees,2015,TREE,STRUCTURE
618,Willow Island,6240,40.87744,-100.0683,Trees,2015,TREE,STRUCTURE
619,Cunningham Lake,5720,41.339413,-96.04992704,CEDAR,2019,CEDAR,WOOD
620,Cunningham Lake,5720,41.33941401,-96.04993198,CEDAR,2019,CEDAR,WOOD
621,Cunningham Lake,5720,41.33924603,-96.04941398,CEDAR,2019,CEDAR,WOOD
622,Cunningham Lake,5720,41.33921896,-96.04937903,CEDAR,2019,CEDAR,WOOD
623,Cunningham Lake,5720,41.33930898,-96.04914702,CEDAR,2019,CEDAR,WOOD
624,Cunningham Lake,5720,41.33945097,-96.04930602,CEDAR,2019,CEDAR,WOOD
625,Cunningham Lake,5720,41.33942801,-96.04937903,CEDAR,2019,CEDAR,WOOD
626,Cunningham Lake,5720,41.340003,-96.04943301,CEDAR,2019,CEDAR,WOOD
627,Cunningham Lake,5720,41.34002597,-96.04941901,CEDAR,2019,CEDAR,WOOD
628,Cunningham Lake,5720,41.34005103,-96.04934701,CEDAR,2019,CEDAR,WOOD
629,Cunningham Lake,5720,41.34003703,-96.04931599,CEDAR,2019,CEDAR,WOOD
630,Cunningham Lake,5720,41.34005497,-96.04922497,CEDAR,2019,CEDAR,WOOD
631,Cunningham Lake,5720,41.34026703,-96.04958799,CEDAR,2019,CEDAR,WOOD
632,Cunningham Lake,5720,41.340275,-96.04959603,CEDAR,2019,CEDAR,WOOD
633,Cunningham Lake,5720,41.340233,-96.04914702,CEDAR,2019,CEDAR,WOOD
634,Cunningham Lake,5720,41.34018598,-96.049058,CEDAR,2019,CEDAR,WOOD
635,Cunningham Lake,5720,41.34016603,-96.04901399,CEDAR,2019,CEDAR,WOOD
636,Cunningham Lake,5720,41.34032504,-96.048886,CEDAR,2019,CEDAR,WOOD
637,Cunningham Lake,5720,41.340348,-96.04887201,CEDAR,2019,CEDAR,WOOD
638,Cunningham Lake,5720,41.340377,-96.04883404,CEDAR,2019,CEDAR,WOOD
639,Cunningham Lake,5720,41.34041598,-96.04880503,CEDAR,2019,CEDAR,WOOD
640,Cunningham Lake,5720,41.34038698,-96.04860504,CEDAR,2019,CEDAR,WOOD
641,Cunningham Lake,5720,41.34039704,-96.04857302,CEDAR,2019,CEDAR,WOOD
642,Cunningham Lake,5720,41.34040098,-96.04854402,CEDAR,2019,CEDAR,WOOD
643,Cunningham Lake,5720,41.34039402,-96.04853396,CEDAR,2019,CEDAR,WOOD
644,Cunningham Lake,5720,41.34014499,-96.04853698,CEDAR,2019,CEDAR,WOOD
645,Cunningham Lake,5720,41.34009596,-96.04852198,CEDAR,2019,CEDAR,WOOD
646,Cunningham Lake,5720,41.340074,-96.04852701,CEDAR,2019,CEDAR,WOOD
647,Cunningham Lake,5720,41.34016201,-96.04841804,CEDAR,2019,CEDAR,WOOD
648,Cunningham Lake,5720,41.34035404,-96.04810598,CEDAR,2019,CEDAR,WOOD
649,Cunningham Lake,5720,41.34037499,-96.048095,CEDAR,2019,CEDAR,WOOD
650,Cunningham Lake,5720,41.34037198,-96.04807598,CEDAR,2019,CEDAR,WOOD
651,Cunningham Lake,5720,41.33862804,-96.05085097,CEDAR,2019,CEDAR,WOOD
652,Cunningham Lake,5720,41.34090104,-96.04645098,CEDAR,2019,CEDAR,WOOD
653,Cunningham Lake,5720,41.340937,-96.04642499,CEDAR,2019,CEDAR,WOOD
654,Cunningham Lake,5720,41.34094798,-96.04636196,CEDAR,2019,CEDAR,WOOD
655,Cunningham Lake,5720,41.34103096,-96.04623598,CEDAR,2019,CEDAR,WOOD
656,Cunningham Lake,5720,41.34106801,-96.04620899,CEDAR,2019,CEDAR,WOOD
657,Cunningham Lake,5720,41.34108603,-96.04631402,CEDAR,2019,CEDAR,WOOD
658,Cunningham Lake,5720,41.34111101,-96.04628501,CEDAR,2019,CEDAR,WOOD
659,Cunningham Lake,5720,41.34112299,-96.04621897,CEDAR,2019,CEDAR,WOOD
660,Cunningham Lake,5720,41.34116801,-96.04609299,CEDAR,2019,CEDAR,WOOD
661,Cunningham Lake,5720,41.34118401,-96.04605401,CEDAR,2019,CEDAR,WOOD
662,Cunningham Lake,5720,41.34067196,-96.04688298,CEDAR,2019,CEDAR,WOOD
663,Cunningham Lake,5720,41.34120899,-96.04602199,CEDAR,2019,CEDAR,WOOD
664,Cunningham Lake,5720,41.34131997,-96.04588,CEDAR,2019,CEDAR,WOOD
665,Cunningham Lake,5720,41.34133204,-96.04601897,CEDAR,2019,CEDAR,WOOD
666,Cunningham Lake,5720,41.34133003,-96.04609299,CEDAR,2019,CEDAR,WOOD
667,Cunningham Lake,5720,41.34132097,-96.04613598,CEDAR,2019,CEDAR,WOOD
668,Cunningham Lake,5720,41.34130497,-96.04619097,CEDAR,2019,CEDAR,WOOD
669,Cunningham Lake,5720,41.34129399,-96.046225,CEDAR,2019,CEDAR,WOOD
670,Cunningham Lake,5720,41.34123003,-96.04650102,CEDAR,2019,CEDAR,WOOD
671,Cunningham Lake,5720,41.34120799,-96.04651401,CEDAR,2019,CEDAR,WOOD
672,Cunningham Lake,5720,41.340663,-96.04677603,CEDAR,2019,CEDAR,WOOD
673,Cunningham Lake,5720,41.34120002,-96.04657704,CEDAR,2019,CEDAR,WOOD
674,Cunningham Lake,5720,41.341182,-96.04662498,CEDAR,2019,CEDAR,WOOD
675,Cunningham Lake,5720,41.34115501,-96.04665499,CEDAR,2019,CEDAR,WOOD
676,Cunningham Lake,5720,41.34112903,-96.04663898,CEDAR,2019,CEDAR,WOOD
677,Cunningham Lake,5720,41.34107899,-96.04668701,CEDAR,2019,CEDAR,WOOD
678,Cunningham Lake,5720,41.34106901,-96.04659699,CEDAR,2019,CEDAR,WOOD
679,Cunningham Lake,5720,41.34109299,-96.04657897,CEDAR,2019,CEDAR,WOOD
680,Cunningham Lake,5720,41.34093298,-96.04689002,CEDAR,2019,CEDAR,WOOD
681,Cunningham Lake,5720,41.34112199,-96.04648199,CEDAR,2019,CEDAR,WOOD
682,Cunningham Lake,5720,41.34093398,-96.04689999,CEDAR,2019,CEDAR,WOOD
683,Cunningham Lake,5720,41.34072804,-96.04668198,CEDAR,2019,CEDAR,WOOD
684,Cunningham Lake,5720,41.34090297,-96.04690804,CEDAR,2019,CEDAR,WOOD
685,Cunningham Lake,5720,41.34089501,-96.04697501,CEDAR,2019,CEDAR,WOOD
686,Cunningham Lake,5720,41.340909,-96.04698499,CEDAR,2019,CEDAR,WOOD
687,Cunningham Lake,5720,41.34091403,-96.04700603,CEDAR,2019,CEDAR,WOOD
688,Cunningham Lake,5720,41.34089098,-96.04705397,CEDAR,2019,CEDAR,WOOD
689,Cunningham Lake,5720,41.34090297,-96.04708599,CEDAR,2019,CEDAR,WOOD
690,Cunningham Lake,5720,41.340952,-96.04715497,CEDAR,2019,CEDAR,WOOD
691,Cunningham Lake,5720,41.340994,-96.04708901,CEDAR,2019,CEDAR,WOOD
692,Cunningham Lake,5720,41.34101696,-96.04699899,CEDAR,2019,CEDAR,WOOD
693,Cunningham Lake,5720,41.34021599,-96.05135799,CEDAR,2019,CEDAR,WOOD
694,Cunningham Lake,5720,41.34021901,-96.05140904,CEDAR,2019,CEDAR,WOOD
695,Cunningham Lake,5720,41.34022898,-96.05138901,CEDAR,2019,CEDAR,WOOD
696,Cunningham Lake,5720,41.34017902,-96.05187298,CEDAR,2019,CEDAR,WOOD
697,Cunningham Lake,5720,41.34017198,-96.05193601,CEDAR,2019,CEDAR,WOOD
698,Cunningham Lake,5720,41.34015799,-96.05198001,CEDAR,2019,CEDAR,WOOD
699,Cunningham Lake,5720,41.34020098,-96.052006,CEDAR,2019,CEDAR,WOOD
700,Cunningham Lake,5720,41.34021599,-96.05206802,CEDAR,2019,CEDAR,WOOD
701,Cunningham Lake,5720,41.34030702,-96.05208202,CEDAR,2019,CEDAR,WOOD
702,Cunningham Lake,5720,41.34031699,-96.05211404,CEDAR,2019,CEDAR,WOOD
703,Cunningham Lake,5720,41.34075302,-96.04656598,CEDAR,2019,CEDAR,WOOD
704,Cunningham Lake,5720,41.34004802,-96.05201103,CEDAR,2019,CEDAR,WOOD
705,Cunningham Lake,5720,41.34002103,-96.05155497,CEDAR,2019,CEDAR,WOOD
706,Cunningham Lake,5720,41.33980603,-96.05088299,CEDAR,2019,CEDAR,WOOD
707,Cunningham Lake,5720,41.33936397,-96.05048502,CEDAR,2019,CEDAR,WOOD
708,Cunningham Lake,5720,41.33950302,-96.05057102,CEDAR,2019,CEDAR,WOOD
709,Cunningham Lake,5720,41.33954401,-96.05066003,CEDAR,2019,CEDAR,WOOD
710,Cunningham Lake,5720,41.339542,-96.05069197,CEDAR,2019,CEDAR,WOOD
711,Cunningham Lake,5720,41.33963504,-96.05070496,CEDAR,2019,CEDAR,WOOD
712,Cunningham Lake,5720,41.33967502,-96.05069398,CEDAR,2019,CEDAR,WOOD
713,Cunningham Lake,5720,41.34079501,-96.046555,CEDAR,2019,CEDAR,WOOD
714,Cunningham Lake,5720,41.339671,-96.05064704,CEDAR,2019,CEDAR,WOOD
715,Cunningham Lake,5720,41.33952096,-96.05043699,CEDAR,2019,CEDAR,WOOD
716,Cunningham Lake,5720,41.33941401,-96.05031998,CEDAR,2019,CEDAR,WOOD
717,Cunningham Lake,5720,41.33943597,-96.05021403,CEDAR,2019,CEDAR,WOOD
718,Cunningham Lake,5720,41.33947897,-96.050137,CEDAR,2019,CEDAR,WOOD
719,Cunningham Lake,5720,41.33945399,-96.05015201,CEDAR,2019,CEDAR,WOOD
720,Cunningham Lake,5720,41.33945701,-96.05007598,CEDAR,2019,CEDAR,WOOD
721,Cunningham Lake,5720,41.33945298,-96.050036,CEDAR,2019,CEDAR,WOOD
722,Cunningham Lake,5720,41.33946296,-96.04996299,CEDAR,2019,CEDAR,WOOD
723,Cunningham Lake,5720,41.34084597,-96.04653002,CEDAR,2019,CEDAR,WOOD
724,Cunningham Lake,5720,41.33941401,-96.04993299,CEDAR,2019,CEDAR,WOOD
725,Cunningham Lake,5720,41.33946698,-96.04994698,CEDAR,2019,CEDAR,WOOD
726,Cunningham Lake,5720,41.33950797,-96.04983903,CEDAR,2019,CEDAR,WOOD
727,Cunningham Lake,5720,41.33954502,-96.04980701,CEDAR,2019,CEDAR,WOOD
728,Cunningham Lake,5720,41.339456,-96.04974196,CEDAR,2019,CEDAR,WOOD
729,Cunningham Lake,5720,41.33935802,-96.04960299,CEDAR,2019,CEDAR,WOOD
730,Cunningham Lake,5720,41.33934301,-96.04956703,CEDAR,2019,CEDAR,WOOD
731,Cunningham Lake,5720,41.33933698,-96.04947701,CEDAR,2019,CEDAR,WOOD
732,Cunningham Lake,5720,41.34061798,-96.04696596,CEDAR,2019,CEDAR,WOOD
733,Cunningham Lake,5720,41.34136297,-96.04727198,ROCK PILE,NA,ROCK PILE,ROCK
734,Cunningham Lake,5720,41.341397,-96.04722898,ROCK PILE,NA,ROCK PILE,ROCK
735,Cunningham Lake,5720,41.34140203,-96.04773299,ROCK PILE,NA,ROCK PILE,ROCK
736,Cunningham Lake,5720,41.34150898,-96.04794497,ROCK PILE,NA,ROCK PILE,ROCK
737,Cunningham Lake,5720,41.34153002,-96.04811101,ROCK PILE,NA,ROCK PILE,ROCK
738,Cunningham Lake,5720,41.33948802,-96.04994296,ROCK PILE,NA,ROCK PILE,ROCK
739,Cunningham Lake,5720,41.34134796,-96.04847504,ROCK PILE,NA,ROCK PILE,ROCK
740,Cunningham Lake,5720,41.33950998,-96.04977801,ROCK PILE,NA,ROCK PILE,ROCK
741,Cunningham Lake,5720,41.34015203,-96.04836599,ROCK PILE,NA,ROCK PILE,ROCK
742,Cunningham Lake,5720,41.339297,-96.05100797,ROOTWAD,NA,STRUCTURE,STRUCTURE
743,Cunningham Lake,5720,41.33940202,-96.05073304,ROOTWAD,NA,STRUCTURE,STRUCTURE
744,Cunningham Lake,5720,41.34225698,-96.0554,SHOAL,2020,SHOAL,ROCK
745,Cunningham Lake,5720,41.34265596,-96.05509096,SHOAL,2020,SHOAL,ROCK
746,Cunningham Lake,5720,41.34302703,-96.05488703,SHOAL,2020,SHOAL,ROCK
747,Cunningham Lake,5720,41.34163102,-96.05594499,SHOAL,2020,SHOAL,ROCK
748,Cunningham Lake,5720,41.34128703,-96.04716696,STUMP,2020,TREE,STRUCTURE
749,Cunningham Lake,5720,41.34121503,-96.04723401,STUMP,2020,TREE,STRUCTURE
750,Cunningham Lake,5720,41.34031598,-96.05056004,STUMP,2020,TREE,STRUCTURE
751,Glen Cunningham,5720,41.339413,-96.04992704,CEDAR,2019,CEDAR,WOOD
752,Glen Cunningham,5720,41.33941401,-96.04993198,CEDAR,2019,CEDAR,WOOD
753,Glen Cunningham,5720,41.33924603,-96.04941398,CEDAR,2019,CEDAR,WOOD
754,Glen Cunningham,5720,41.33921896,-96.04937903,CEDAR,2019,CEDAR,WOOD
755,Glen Cunningham,5720,41.33930898,-96.04914702,CEDAR,2019,CEDAR,WOOD
756,Glen Cunningham,5720,41.33945097,-96.04930602,CEDAR,2019,CEDAR,WOOD
757,Glen Cunningham,5720,41.33942801,-96.04937903,CEDAR,2019,CEDAR,WOOD
758,Glen Cunningham,5720,41.340003,-96.04943301,CEDAR,2019,CEDAR,WOOD
759,Glen Cunningham,5720,41.34002597,-96.04941901,CEDAR,2019,CEDAR,WOOD
760,Glen Cunningham,5720,41.34005103,-96.04934701,CEDAR,2019,CEDAR,WOOD
761,Glen Cunningham,5720,41.34003703,-96.04931599,CEDAR,2019,CEDAR,WOOD
762,Glen Cunningham,5720,41.34005497,-96.04922497,CEDAR,2019,CEDAR,WOOD
763,Glen Cunningham,5720,41.34026703,-96.04958799,CEDAR,2019,CEDAR,WOOD
764,Glen Cunningham,5720,41.340275,-96.04959603,CEDAR,2019,CEDAR,WOOD
765,Glen Cunningham,5720,41.340233,-96.04914702,CEDAR,2019,CEDAR,WOOD
766,Glen Cunningham,5720,41.34018598,-96.049058,CEDAR,2019,CEDAR,WOOD
767,Glen Cunningham,5720,41.34016603,-96.04901399,CEDAR,2019,CEDAR,WOOD
768,Glen Cunningham,5720,41.34032504,-96.048886,CEDAR,2019,CEDAR,WOOD
769,Glen Cunningham,5720,41.340348,-96.04887201,CEDAR,2019,CEDAR,WOOD
770,Glen Cunningham,5720,41.340377,-96.04883404,CEDAR,2019,CEDAR,WOOD
771,Glen Cunningham,5720,41.34041598,-96.04880503,CEDAR,2019,CEDAR,WOOD
772,Glen Cunningham,5720,41.34038698,-96.04860504,CEDAR,2019,CEDAR,WOOD
773,Glen Cunningham,5720,41.34039704,-96.04857302,CEDAR,2019,CEDAR,WOOD
774,Glen Cunningham,5720,41.34040098,-96.04854402,CEDAR,2019,CEDAR,WOOD
775,Glen Cunningham,5720,41.34039402,-96.04853396,CEDAR,2019,CEDAR,WOOD
776,Glen Cunningham,5720,41.34014499,-96.04853698,CEDAR,2019,CEDAR,WOOD
777,Glen Cunningham,5720,41.34009596,-96.04852198,CEDAR,2019,CEDAR,WOOD
778,Glen Cunningham,5720,41.340074,-96.04852701,CEDAR,2019,CEDAR,WOOD
779,Glen Cunningham,5720,41.34016201,-96.04841804,CEDAR,2019,CEDAR,WOOD
780,Glen Cunningham,5720,41.34035404,-96.04810598,CEDAR,2019,CEDAR,WOOD
781,Glen Cunningham,5720,41.34037499,-96.048095,CEDAR,2019,CEDAR,WOOD
782,Glen Cunningham,5720,41.34037198,-96.04807598,CEDAR,2019,CEDAR,WOOD
783,Glen Cunningham,5720,41.33862804,-96.05085097,CEDAR,2019,CEDAR,WOOD
784,Glen Cunningham,5720,41.35065104,-96.054077,CEDAR,2019,CEDAR,WOOD
785,Glen Cunningham,5720,41.35065196,-96.05414498,CEDAR,2019,CEDAR,WOOD
786,Glen Cunningham,5720,41.35082102,-96.05423399,CEDAR,2019,CEDAR,WOOD
787,Glen Cunningham,5720,41.35084198,-96.05420499,CEDAR,2019,CEDAR,WOOD
788,Glen Cunningham,5720,41.35078599,-96.05410298,CEDAR,2019,CEDAR,WOOD
789,Glen Cunningham,5720,41.350817,-96.05408303,CEDAR,2019,CEDAR,WOOD
790,Glen Cunningham,5720,41.350774,-96.05402696,CEDAR,2019,CEDAR,WOOD
791,Glen Cunningham,5720,41.350888,-96.05403299,CEDAR,2019,CEDAR,WOOD
792,Glen Cunningham,5720,41.350932,-96.05402604,CEDAR,2019,CEDAR,WOOD
793,Glen Cunningham,5720,41.35095698,-96.05410399,CEDAR,2019,CEDAR,WOOD
794,Glen Cunningham,5720,41.35102596,-96.05421002,CEDAR,2019,CEDAR,WOOD
795,Glen Cunningham,5720,41.35101398,-96.05423299,CEDAR,2019,CEDAR,WOOD
796,Glen Cunningham,5720,41.35097802,-96.05429099,CEDAR,2019,CEDAR,WOOD
797,Glen Cunningham,5720,41.35099696,-96.05427297,CEDAR,2019,CEDAR,WOOD
798,Glen Cunningham,5720,41.35144497,-96.05447397,CEDAR,2019,CEDAR,WOOD
799,Glen Cunningham,5720,41.35140399,-96.05461403,CEDAR,2019,CEDAR,WOOD
800,Glen Cunningham,5720,41.35164496,-96.05447598,CEDAR,2019,CEDAR,WOOD
801,Glen Cunningham,5720,41.35167003,-96.05447003,CEDAR,2019,CEDAR,WOOD
802,Glen Cunningham,5720,41.35178201,-96.05442703,CEDAR,2019,CEDAR,WOOD
803,Glen Cunningham,5720,41.35189097,-96.05341902,CEDAR,2019,CEDAR,WOOD
804,Glen Cunningham,5720,41.351695,-96.05322104,CEDAR,2019,CEDAR,WOOD
805,Glen Cunningham,5720,41.35206498,-96.05336102,CEDAR,2019,CEDAR,WOOD
806,Glen Cunningham,5720,41.35251299,-96.05270002,CEDAR,2019,CEDAR,WOOD
807,Glen Cunningham,5720,41.35252599,-96.05270103,CEDAR,2019,CEDAR,WOOD
808,Glen Cunningham,5720,41.352572,-96.05268703,CEDAR,2019,CEDAR,WOOD
809,Glen Cunningham,5720,41.35286001,-96.05270304,CEDAR,2019,CEDAR,WOOD
810,Glen Cunningham,5720,41.35286302,-96.05277898,CEDAR,2019,CEDAR,WOOD
811,Glen Cunningham,5720,41.353564,-96.05376796,CEDAR,2019,CEDAR,WOOD
812,Glen Cunningham,5720,41.35358303,-96.053674,CEDAR,2019,CEDAR,WOOD
813,Glen Cunningham,5720,41.35365603,-96.05394297,CEDAR,2019,CEDAR,WOOD
814,Glen Cunningham,5720,41.35389701,-96.05364801,CEDAR,2019,CEDAR,WOOD
815,Glen Cunningham,5720,41.35400598,-96.05362597,CEDAR,2019,CEDAR,WOOD
816,Glen Cunningham,5720,41.35403004,-96.05364097,CEDAR,2019,CEDAR,WOOD
817,Glen Cunningham,5720,41.35401101,-96.053358,CEDAR,2019,CEDAR,WOOD
818,Glen Cunningham,5720,41.354167,-96.05323596,CEDAR,2019,CEDAR,WOOD
819,Glen Cunningham,5720,41.35425601,-96.05324602,CEDAR,2019,CEDAR,WOOD
820,Glen Cunningham,5720,41.35418401,-96.053157,CEDAR,2019,CEDAR,WOOD
821,Glen Cunningham,5720,41.35427504,-96.05341902,CEDAR,2019,CEDAR,WOOD
822,Glen Cunningham,5720,41.354311,-96.05345699,CEDAR,2019,CEDAR,WOOD
823,Glen Cunningham,5720,41.35440102,-96.05382596,CEDAR,2019,CEDAR,WOOD
824,Glen Cunningham,5720,41.35446103,-96.05382001,CEDAR,2019,CEDAR,WOOD
825,Glen Cunningham,5720,41.35464099,-96.053718,CEDAR,2019,CEDAR,WOOD
826,Glen Cunningham,5720,41.35466496,-96.05372597,CEDAR,2019,CEDAR,WOOD
827,Glen Cunningham,5720,41.35467301,-96.05372597,CEDAR,2019,CEDAR,WOOD
828,Glen Cunningham,5720,41.35469003,-96.05376704,CEDAR,2019,CEDAR,WOOD
829,Glen Cunningham,5720,41.35478097,-96.05362203,CEDAR,2019,CEDAR,WOOD
830,Glen Cunningham,5720,41.35483503,-96.05365204,CEDAR,2019,CEDAR,WOOD
831,Glen Cunningham,5720,41.35489396,-96.05369302,CEDAR,2019,CEDAR,WOOD
832,Glen Cunningham,5720,41.355002,-96.053703,CEDAR,2019,CEDAR,WOOD
833,Glen Cunningham,5720,41.35503603,-96.053704,CEDAR,2019,CEDAR,WOOD
834,Glen Cunningham,5720,41.35508498,-96.05371398,CEDAR,2019,CEDAR,WOOD
835,Glen Cunningham,5720,41.35519596,-96.05377701,CEDAR,2019,CEDAR,WOOD
836,Glen Cunningham,5720,41.35524097,-96.05390199,CEDAR,2019,CEDAR,WOOD
837,Glen Cunningham,5720,41.35530601,-96.05379503,CEDAR,2019,CEDAR,WOOD
838,Glen Cunningham,5720,41.35540098,-96.05376201,CEDAR,2019,CEDAR,WOOD
839,Glen Cunningham,5720,41.35545596,-96.05376301,CEDAR,2019,CEDAR,WOOD
840,Glen Cunningham,5720,41.35548396,-96.053718,CEDAR,2019,CEDAR,WOOD
841,Glen Cunningham,5720,41.35552998,-96.05375597,CEDAR,2019,CEDAR,WOOD
842,Glen Cunningham,5720,41.35561598,-96.053775,CEDAR,2019,CEDAR,WOOD
843,Glen Cunningham,5720,41.35572997,-96.05388002,CEDAR,2019,CEDAR,WOOD
844,Glen Cunningham,5720,41.355778,-96.05391003,CEDAR,2019,CEDAR,WOOD
845,Glen Cunningham,5720,41.355821,-96.053919,CEDAR,2019,CEDAR,WOOD
846,Glen Cunningham,5720,41.35588202,-96.053502,CEDAR,2019,CEDAR,WOOD
847,Glen Cunningham,5720,41.35578504,-96.05352899,CEDAR,2019,CEDAR,WOOD
848,Glen Cunningham,5720,41.35468801,-96.05335599,CEDAR,2019,CEDAR,WOOD
849,Glen Cunningham,5720,41.35447604,-96.053373,CEDAR,2019,CEDAR,WOOD
850,Glen Cunningham,5720,41.35443203,-96.05334702,CEDAR,2019,CEDAR,WOOD
851,Glen Cunningham,5720,41.35411603,-96.05277102,CEDAR,2019,CEDAR,WOOD
852,Glen Cunningham,5720,41.35410497,-96.05274,CEDAR,2019,CEDAR,WOOD
853,Glen Cunningham,5720,41.35414998,-96.05268502,CEDAR,2019,CEDAR,WOOD
854,Glen Cunningham,5720,41.35407899,-96.052697,CEDAR,2019,CEDAR,WOOD
855,Glen Cunningham,5720,41.35402501,-96.05269801,CEDAR,2019,CEDAR,WOOD
856,Glen Cunningham,5720,41.35368101,-96.05277797,CEDAR,2019,CEDAR,WOOD
857,Glen Cunningham,5720,41.35360901,-96.052667,CEDAR,2019,CEDAR,WOOD
858,Glen Cunningham,5720,41.35358102,-96.05252199,CEDAR,2019,CEDAR,WOOD
859,Glen Cunningham,5720,41.35356702,-96.05251,CEDAR,2019,CEDAR,WOOD
860,Glen Cunningham,5720,41.35360197,-96.05240699,CEDAR,2019,CEDAR,WOOD
861,Glen Cunningham,5720,41.35367104,-96.05113604,CEDAR,2019,CEDAR,WOOD
862,Glen Cunningham,5720,41.35347901,-96.05128096,CEDAR,2019,CEDAR,WOOD
863,Glen Cunningham,5720,41.35280896,-96.05204104,CEDAR,2019,CEDAR,WOOD
864,Glen Cunningham,5720,41.34090104,-96.04645098,CEDAR,2019,CEDAR,WOOD
865,Glen Cunningham,5720,41.35013698,-96.05423902,CEDAR,2019,CEDAR,WOOD
866,Glen Cunningham,5720,41.35010202,-96.05439199,CEDAR,2019,CEDAR,WOOD
867,Glen Cunningham,5720,41.350112,-96.05447003,CEDAR,2019,CEDAR,WOOD
868,Glen Cunningham,5720,41.340937,-96.04642499,CEDAR,2019,CEDAR,WOOD
869,Glen Cunningham,5720,41.34094798,-96.04636196,CEDAR,2019,CEDAR,WOOD
870,Glen Cunningham,5720,41.34103096,-96.04623598,CEDAR,2019,CEDAR,WOOD
871,Glen Cunningham,5720,41.34106801,-96.04620899,CEDAR,2019,CEDAR,WOOD
872,Glen Cunningham,5720,41.34108603,-96.04631402,CEDAR,2019,CEDAR,WOOD
873,Glen Cunningham,5720,41.34111101,-96.04628501,CEDAR,2019,CEDAR,WOOD
874,Glen Cunningham,5720,41.34112299,-96.04621897,CEDAR,2019,CEDAR,WOOD
875,Glen Cunningham,5720,41.34116801,-96.04609299,CEDAR,2019,CEDAR,WOOD
876,Glen Cunningham,5720,41.34118401,-96.04605401,CEDAR,2019,CEDAR,WOOD
877,Glen Cunningham,5720,41.34067196,-96.04688298,CEDAR,2019,CEDAR,WOOD
878,Glen Cunningham,5720,41.34120899,-96.04602199,CEDAR,2019,CEDAR,WOOD
879,Glen Cunningham,5720,41.34131997,-96.04588,CEDAR,2019,CEDAR,WOOD
880,Glen Cunningham,5720,41.34133204,-96.04601897,CEDAR,2019,CEDAR,WOOD
881,Glen Cunningham,5720,41.34133003,-96.04609299,CEDAR,2019,CEDAR,WOOD
882,Glen Cunningham,5720,41.34132097,-96.04613598,CEDAR,2019,CEDAR,WOOD
883,Glen Cunningham,5720,41.34130497,-96.04619097,CEDAR,2019,CEDAR,WOOD
884,Glen Cunningham,5720,41.34129399,-96.046225,CEDAR,2019,CEDAR,WOOD
885,Glen Cunningham,5720,41.34123003,-96.04650102,CEDAR,2019,CEDAR,WOOD
886,Glen Cunningham,5720,41.34120799,-96.04651401,CEDAR,2019,CEDAR,WOOD
887,Glen Cunningham,5720,41.340663,-96.04677603,CEDAR,2019,CEDAR,WOOD
888,Glen Cunningham,5720,41.34120002,-96.04657704,CEDAR,2019,CEDAR,WOOD
889,Glen Cunningham,5720,41.341182,-96.04662498,CEDAR,2019,CEDAR,WOOD
890,Glen Cunningham,5720,41.34115501,-96.04665499,CEDAR,2019,CEDAR,WOOD
891,Glen Cunningham,5720,41.34112903,-96.04663898,CEDAR,2019,CEDAR,WOOD
892,Glen Cunningham,5720,41.34107899,-96.04668701,CEDAR,2019,CEDAR,WOOD
893,Glen Cunningham,5720,41.34106901,-96.04659699,CEDAR,2019,CEDAR,WOOD
894,Glen Cunningham,5720,41.34109299,-96.04657897,CEDAR,2019,CEDAR,WOOD
895,Glen Cunningham,5720,41.34093298,-96.04689002,CEDAR,2019,CEDAR,WOOD
896,Glen Cunningham,5720,41.34112199,-96.04648199,CEDAR,2019,CEDAR,WOOD
897,Glen Cunningham,5720,41.34093398,-96.04689999,CEDAR,2019,CEDAR,WOOD
898,Glen Cunningham,5720,41.34072804,-96.04668198,CEDAR,2019,CEDAR,WOOD
899,Glen Cunningham,5720,41.34090297,-96.04690804,CEDAR,2019,CEDAR,WOOD
900,Glen Cunningham,5720,41.34089501,-96.04697501,CEDAR,2019,CEDAR,WOOD
901,Glen Cunningham,5720,41.340909,-96.04698499,CEDAR,2019,CEDAR,WOOD
902,Glen Cunningham,5720,41.34091403,-96.04700603,CEDAR,2019,CEDAR,WOOD
903,Glen Cunningham,5720,41.34089098,-96.04705397,CEDAR,2019,CEDAR,WOOD
904,Glen Cunningham,5720,41.34090297,-96.04708599,CEDAR,2019,CEDAR,WOOD
905,Glen Cunningham,5720,41.340952,-96.04715497,CEDAR,2019,CEDAR,WOOD
906,Glen Cunningham,5720,41.340994,-96.04708901,CEDAR,2019,CEDAR,WOOD
907,Glen Cunningham,5720,41.34101696,-96.04699899,CEDAR,2019,CEDAR,WOOD
908,Glen Cunningham,5720,41.34021599,-96.05135799,CEDAR,2019,CEDAR,WOOD
909,Glen Cunningham,5720,41.34021901,-96.05140904,CEDAR,2019,CEDAR,WOOD
910,Glen Cunningham,5720,41.34022898,-96.05138901,CEDAR,2019,CEDAR,WOOD
911,Glen Cunningham,5720,41.34017902,-96.05187298,CEDAR,2019,CEDAR,WOOD
912,Glen Cunningham,5720,41.34017198,-96.05193601,CEDAR,2019,CEDAR,WOOD
913,Glen Cunningham,5720,41.34015799,-96.05198001,CEDAR,2019,CEDAR,WOOD
914,Glen Cunningham,5720,41.34020098,-96.052006,CEDAR,2019,CEDAR,WOOD
915,Glen Cunningham,5720,41.34021599,-96.05206802,CEDAR,2019,CEDAR,WOOD
916,Glen Cunningham,5720,41.34030702,-96.05208202,CEDAR,2019,CEDAR,WOOD
917,Glen Cunningham,5720,41.34031699,-96.05211404,CEDAR,2019,CEDAR,WOOD
918,Glen Cunningham,5720,41.34075302,-96.04656598,CEDAR,2019,CEDAR,WOOD
919,Glen Cunningham,5720,41.34004802,-96.05201103,CEDAR,2019,CEDAR,WOOD
920,Glen Cunningham,5720,41.34002103,-96.05155497,CEDAR,2019,CEDAR,WOOD
921,Glen Cunningham,5720,41.33980603,-96.05088299,CEDAR,2019,CEDAR,WOOD
922,Glen Cunningham,5720,41.33936397,-96.05048502,CEDAR,2019,CEDAR,WOOD
923,Glen Cunningham,5720,41.33950302,-96.05057102,CEDAR,2019,CEDAR,WOOD
924,Glen Cunningham,5720,41.33954401,-96.05066003,CEDAR,2019,CEDAR,WOOD
925,Glen Cunningham,5720,41.339542,-96.05069197,CEDAR,2019,CEDAR,WOOD
926,Glen Cunningham,5720,41.33963504,-96.05070496,CEDAR,2019,CEDAR,WOOD
927,Glen Cunningham,5720,41.33967502,-96.05069398,CEDAR,2019,CEDAR,WOOD
928,Glen Cunningham,5720,41.34079501,-96.046555,CEDAR,2019,CEDAR,WOOD
929,Glen Cunningham,5720,41.339671,-96.05064704,CEDAR,2019,CEDAR,WOOD
930,Glen Cunningham,5720,41.33952096,-96.05043699,CEDAR,2019,CEDAR,WOOD
931,Glen Cunningham,5720,41.33941401,-96.05031998,CEDAR,2019,CEDAR,WOOD
932,Glen Cunningham,5720,41.33943597,-96.05021403,CEDAR,2019,CEDAR,WOOD
933,Glen Cunningham,5720,41.33947897,-96.050137,CEDAR,2019,CEDAR,WOOD
934,Glen Cunningham,5720,41.33945399,-96.05015201,CEDAR,2019,CEDAR,WOOD
935,Glen Cunningham,5720,41.33945701,-96.05007598,CEDAR,2019,CEDAR,WOOD
936,Glen Cunningham,5720,41.33945298,-96.050036,CEDAR,2019,CEDAR,WOOD
937,Glen Cunningham,5720,41.33946296,-96.04996299,CEDAR,2019,CEDAR,WOOD
938,Glen Cunningham,5720,41.34084597,-96.04653002,CEDAR,2019,CEDAR,WOOD
939,Glen Cunningham,5720,41.33941401,-96.04993299,CEDAR,2019,CEDAR,WOOD
940,Glen Cunningham,5720,41.33946698,-96.04994698,CEDAR,2019,CEDAR,WOOD
941,Glen Cunningham,5720,41.33950797,-96.04983903,CEDAR,2019,CEDAR,WOOD
942,Glen Cunningham,5720,41.33954502,-96.04980701,CEDAR,2019,CEDAR,WOOD
943,Glen Cunningham,5720,41.339456,-96.04974196,CEDAR,2019,CEDAR,WOOD
944,Glen Cunningham,5720,41.33935802,-96.04960299,CEDAR,2019,CEDAR,WOOD
945,Glen Cunningham,5720,41.33934301,-96.04956703,CEDAR,2019,CEDAR,WOOD
946,Glen Cunningham,5720,41.33933698,-96.04947701,CEDAR,2019,CEDAR,WOOD
947,Glen Cunningham,5720,41.34061798,-96.04696596,CEDAR,2019,CEDAR,WOOD
948,Glen Cunningham,5720,41.35263998,-96.05833903,ISLAND,2019,ISLAND,ISLAND
949,Glen Cunningham,5720,41.34544102,-96.055142,LOG,2019,TREE,STRUCTURE
950,Glen Cunningham,5720,41.35266596,-96.05571499,LOG1,2019,TREE,STRUCTURE
953,Glen Cunningham,5720,41.35345101,-96.05534501,P1,2019,STRUCTURE,STRUCTURE
954,Glen Cunningham,5720,41.35013999,-96.05388002,PALLET,2019,ROCK PILE,STRUCTURE
955,Glen Cunningham,5720,41.34136297,-96.04727198,ROCK1,2019,ROCK PILE,STRUCTURE
956,Glen Cunningham,5720,41.341397,-96.04722898,ROCK2,2019,ROCK PILE,STRUCTURE
957,Glen Cunningham,5720,41.34140203,-96.04773299,ROCK3,2019,ROCK PILE,STRUCTURE
958,Glen Cunningham,5720,41.34150898,-96.04794497,ROCK4,2019,ROCK PILE,STRUCTURE
959,Glen Cunningham,5720,41.34153002,-96.04811101,ROCK5,2019,ROCK PILE,STRUCTURE
960,Glen Cunningham,5720,41.33948802,-96.04994296,ROCK51,2019,ROCK PILE,STRUCTURE
961,Glen Cunningham,5720,41.34134796,-96.04847504,ROCK6,2019,ROCK PILE,STRUCTURE
962,Glen Cunningham,5720,41.33950998,-96.04977801,ROCK61,2019,ROCK PILE,STRUCTURE
963,Glen Cunningham,5720,41.34015203,-96.04836599,ROCK62,2019,ROCK PILE,STRUCTURE
964,Glen Cunningham,5720,41.339297,-96.05100797,ROOTWAD1,2019,ROOTWAD,STRUCTURE
965,Glen Cunningham,5720,41.33940202,-96.05073304,ROOTWAD2,2019,ROOTWAD,STRUCTURE
966,Glen Cunningham,5720,41.34225698,-96.0554,SHOAL1,2019,SHOAL,STRUCTURE
967,Glen Cunningham,5720,41.34265596,-96.05509096,SHOAL2,2019,SHOAL,STRUCTURE
968,Glen Cunningham,5720,41.34302703,-96.05488703,SHOAL3,2019,SHOAL,STRUCTURE
969,Glen Cunningham,5720,41.34163102,-96.05594499,SHOAL4,2019,SHOAL,STRUCTURE
970,Glen Cunningham,5720,41.34437601,-96.05489197,SPAWN BED11,2019,SHOAL,STRUCTURE
971,Glen Cunningham,5720,41.35315496,-96.05711502,SPAWN BED4,2019,SHOAL,STRUCTURE
972,Glen Cunningham,5720,41.352585,-96.05687002,SPAWN BED5,2019,SHOAL,STRUCTURE
973,Glen Cunningham,5720,41.35292002,-96.05585698,SPAWN BED6,2019,SHOAL,STRUCTURE
974,Glen Cunningham,5720,41.35376802,-96.055716,SPAWN BED7,2019,SHOAL,STRUCTURE
975,Glen Cunningham,5720,41.35442499,-96.05529799,SPAWN BED8,2019,SHOAL,STRUCTURE
976,Glen Cunningham,5720,41.34393998,-96.05617499,SPAWN10,2019,SHOAL,STRUCTURE
977,Glen Cunningham,5720,41.34128703,-96.04716696,STUMP1,2019,TREE,STRUCTURE
978,Glen Cunningham,5720,41.34121503,-96.04723401,STUMP2,2019,TREE,STRUCTURE
979,Glen Cunningham,5720,41.34031598,-96.05056004,STUMP3,2019,TREE,STRUCTURE
980,Glen Cunningham,5720,41.35213899,-96.05309397,TREE,2019,TREE,WOOD
981,Glen Cunningham,5720,41.35368797,-96.05822101,VEG BAR,2019,SHOAL,STRUCTURE
982,Glen Cunningham,5720,41.34163102,-96.05594499,VEG BAR1,2019,SHOAL,STRUCTURE
983,Glen Cunningham,5720,41.34417803,-96.05753596,VEG BAR5,2019,SHOAL,STRUCTURE
984,Glen Cunningham,5720,41.34423796,-96.057227,VEG BAR6,2019,SHOAL,STRUCTURE
985,Glen Cunningham,5720,41.34437299,-96.05547401,VEG BAR61,2019,SHOAL,STRUCTURE
986,Glen Cunningham,5720,41.35342796,-96.05750704,VEG BAR7,2019,SHOAL,STRUCTURE
987,Glen Cunningham,5720,41.35332,-96.05605597,VEG BAR8,2019,SHOAL,STRUCTURE
988,Glen Cunningham,5720,41.35416901,-96.05570996,VEG BAR9,2019,SHOAL,STRUCTURE
